Workbook

Sheet Summary
A1: Main warehouse stock
A2: As of 8 October 2026, 15:55 (Asia/Colombo)
A3: Qty and stock value = ERPNext Stock Balance closing on 2026-10-08, minus Stock Ledger Entry qty and stock value difference posted after 15:55:00 that day. Rows with zero qty omitted. Valuation rate = stock value / qty.
A4: Date read as 8 October 2026 (10/08 month/day), the day before this file was pulled. Cosmetics from cosmetics-lk-01. SPK, PEVI, CAHMI, USP, UDARA, KAD from cosmetics-lk-02. PEVI warehouse name in ERP is Main Warehouses - Pevi. CAHMI warehouse is Main Warehouse - Chami.
A6: Company | B6: Warehouse | C6: ERP site | D6: Items | E6: Total qty | F6: Stock value (LKR)
A7: Cosmetics.lk | B7: Main Warehouse - Cosmo | C7: cosmetics-lk-01 | D7: =COUNTA(Cosmetics!A5:A906) | E7: =SUM(Cosmetics!E5:E906) | F7: =SUM(Cosmetics!F5:F906)
A8: SPK Trading (Pvt) Ltd | B8: Main Warehouse - SPK | C8: cosmetics-lk-02 | D8: =COUNTA(SPK!A5:A312) | E8: =SUM(SPK!E5:E312) | F8: =SUM(SPK!F5:F312)
A9: Pevi Trading Lanka (Pvt) Ltd | B9: Main Warehouses - Pevi | C9: cosmetics-lk-02 | D9: =COUNTA(PEVI!A5:A367) | E9: =SUM(PEVI!E5:E367) | F9: =SUM(PEVI!F5:F367)
A10: Chami Trading Lanka (Pvt) Ltd | B10: Main Warehouse - Chami | C10: cosmetics-lk-02 | D10: =COUNTA(CAHMI!A5:A287) | E10: =SUM(CAHMI!E5:E287) | F10: =SUM(CAHMI!F5:F287)
A11: USP Trading (Pvt) Ltd | B11: Main Warehouse - USP | C11: cosmetics-lk-02 | D11: =COUNTA(USP!A5:A134) | E11: =SUM(USP!E5:E134) | F11: =SUM(USP!F5:F134)
A12: Udara Trading Lanka (Pvt) Ltd | B12: Main Warehouse - Udara | C12: cosmetics-lk-02 | D12: =COUNTA(UDARA!A5:A133) | E12: =SUM(UDARA!E5:E133) | F12: =SUM(UDARA!F5:F133)
A13: KAD Trading (Pvt) Ltd | B13: Main Warehouse - KAD | C13: cosmetics-lk-02 | D13: =COUNTA(KAD!A5:A166) | E13: =SUM(KAD!E5:E166) | F13: =SUM(KAD!F5:F166)
A14: Total | D14: =SUM(D7:D13) | E14: =SUM(E7:E13) | F14: =SUM(F7:F13)
A16: After 15:55 sheet lists every Stock Ledger Entry removed from the end-of-day balance. Blue numbers are ERP figures. Green numbers link to warehouse sheets. Black numbers are formulas.

Sheet Cosmetics
A1: Cosmetics main warehouse stock
A2: Main Warehouse - Cosmo | Cosmetics.lk | cosmetics-lk-01 | as of 8 October 2026 15:55 Asia/Colombo
A4: Item code | B4: Item name | C4: Item group | D4: UOM | E4: Qty | F4: Stock value (LKR) | G4: Valuation rate (LKR)
A5: ACN01_1 | B5: Acnes Sealing Gel Pimple Treatment 9g | C5: All Item Groups | D5: Nos | E5: 9 | F5: 5338.98 | G5: =IF(E5=0,0,F5/E5)
A6: ACN02_1 | B6: Acnes Niacinamide 12% Serum 20ml | C6: All Item Groups | D6: Nos | E6: 5 | F6: 4152.54 | G6: =IF(E6=0,0,F6/E6)
A7: ACN03_1 | B7: Acnes Aloe Vera 95% Gel | C7: All Item Groups | D7: Nos | E7: 21 | F7: 10411.02 | G7: =IF(E7=0,0,F7/E7)
A8: ACN04_1 | B8: Acnes Vitamin Cleanser 100g | C8: All Item Groups | D8: Nos | E8: 17 | F8: 17143.99 | G8: =IF(E8=0,0,F8/E8)
A9: ACN05_1 | B9: Acnes Creamy Wash 100g | C9: All Item Groups | D9: Nos | E9: 20 | F9: 2016.94 | G9: =IF(E9=0,0,F9/E9)
A10: ACN06_1 | B10: Acnes C10 Vitamin C Serum | C10: All Item Groups | D10: Nos | E10: 8 | F10: 5101.7 | G10: =IF(E10=0,0,F10/E10)
A11: AJCC01_1 | B11: Aunt Jackies Kids Soft and Sassy Super Duper Softening Conditioner 426g | C11: All Item Groups | D11: Nos | E11: 1 | F11: 4500 | G11: =IF(E11=0,0,F11/E11)
A12: ALT01_1 | B12: Dr.Althea Aqua Marine Watery Cream 50ml | C12: All Item Groups | D12: Nos | E12: 2 | F12: 11900 | G12: =IF(E12=0,0,F12/E12)
A13: ALT03_1 | B13: Dr. Althea Retinol Flat Iron Eye Roller 25ml | C13: All Item Groups | D13: Nos | E13: 2 | F13: 13000 | G13: =IF(E13=0,0,F13/E13)
A14: ALT04_1 | B14: Dr. Althea 147 Barrier Cream 50ml | C14: All Item Groups | D14: Nos | E14: 1 | F14: 6750 | G14: =IF(E14=0,0,F14/E14)
A15: ALT05_1 | B15: Dr. Althea Vitamin C Boosting Serum 30ml | C15: All Item Groups | D15: Nos | E15: 3 | F15: 19500 | G15: =IF(E15=0,0,F15/E15)
A16: ALT06_1 | B16: Dr Althea 345 Relief Cream Mist 100ml | C16: All Item Groups | D16: Nos | E16: 2 | F16: 15300 | G16: =IF(E16=0,0,F16/E16)
... A906: ZGTS001_1 | B906: ZGTS Clinicare Treatment Solution | C906: All Item Groups | D906: Nos | E906: 12 | F906: 46779.72 | G906: =IF(E906=0,0,F906/E906)
A907: Total | E907: =SUM(E5:E906) | F907: =SUM(F5:F906) | G907: =IF(E907=0,0,F907/E907)

Sheet SPK
A1: SPK main warehouse stock
A2: Main Warehouse - SPK | SPK Trading (Pvt) Ltd | cosmetics-lk-02 | as of 8 October 2026 15:55 Asia/Colombo
A4: Item code | B4: Item name | C4: Item group | D4: UOM | E4: Qty | F4: Stock value (LKR) | G4: Valuation rate (LKR)
A5: AJCC01_1 | B5: Aunt Jackies Kids Soft and Sassy Super Duper Softening Conditioner 426g | C5: Products | D5: Nos | E5: 1 | F5: 4500 | G5: =IF(E5=0,0,F5/E5)
A6: ALT05_1 | B6: Dr. Althea Vitamin C Boosting Serum 30ml | C6: Products | D6: Nos | E6: 2 | F6: 13000 | G6: =IF(E6=0,0,F6/E6)
A7: ANU03_1 | B7: Anua Niacinamide 10% + TXA 4% Serum 30ml | C7: Products | D7: Nos | E7: 9 | F7: 51900 | G7: =IF(E7=0,0,F7/E7)
A8: ANU09_1 | B8: Anua Rice Enzyme Brightening Cleansing Powder 40g | C8: Products | D8: Nos | E8: 3 | F8: 19050 | G8: =IF(E8=0,0,F8/E8)
A9: ANU10_1 | B9: Anua 7 Rice Ceramide Hydrating Barrier Serum 50ml | C9: Products | D9: Nos | E9: 1 | F9: 6350 | G9: =IF(E9=0,0,F9/E9)
A10: ARE01_1 | B10: Arencia Retinal Booster Shot 30ml | C10: All Item Groups | D10: Nos | E10: 3 | F10: 16950 | G10: =IF(E10=0,0,F10/E10)
A11: ARE04_1 | B11: Arencia Vitamin C Booster Shot 30ml | C11: Products | D11: Nos | E11: 1 | F11: 0 | G11: =IF(E11=0,0,F11/E11)
A12: AV002_1 | B12: Aveeno Baby Daily Cream 354ml | C12: Products | D12: Nos | E12: 2 | F12: 7600 | G12: =IF(E12=0,0,F12/E12)
A13: AVB01_2 | B13: Aveeno Baby Daily Moisture Wash and Shampoo 354ml | C13: Products | D13: Nos | E13: 8 | F13: 30400 | G13: =IF(E13=0,0,F13/E13)
A14: AVB06_1 | B14: Aveeno Baby Daily Lotion 227ml | C14: All Item Groups | D14: Nos | E14: 1 | F14: 3500 | G14: =IF(E14=0,0,F14/E14)
A15: AVEE64_2 | B15: Aveeno Baby Daily Wash & Shampoo 532ml | C15: All Item Groups | D15: Nos | E15: 1 | F15: 3800 | G15: =IF(E15=0,0,F15/E15)
A16: AVEE67_1 | B16: Aveeno Baby Daily Wash & Shampoo with Coconut Scent & Shea Butter 354ml | C16: Products | D16: Nos | E16: 5 | F16: 19000 | G16: =IF(E16=0,0,F16/E16)
... A312: VSB011_1 | B312: Vaseline Intensive Care Cocoa Radiant Body Oil 200ml | C312: All Item Groups | D312: Nos | E312: 2 | F312: 5500 | G312: =IF(E312=0,0,F312/E312)
A313: Total | E313: =SUM(E5:E312) | F313: =SUM(F5:F312) | G313: =IF(E313=0,0,F313/E313)

Sheet PEVI
A1: PEVI main warehouse stock
A2: Main Warehouses - Pevi | Pevi Trading Lanka (Pvt) Ltd | cosmetics-lk-02 | as of 8 October 2026 15:55 Asia/Colombo
A4: Item code | B4: Item name | C4: Item group | D4: UOM | E4: Qty | F4: Stock value (LKR) | G4: Valuation rate (LKR)
A5: ALT02_1 | B5: Dr. Althea 345 Relief Cream 50ml | C5: Products | D5: Nos | E5: 1 | F5: 6800 | G5: =IF(E5=0,0,F5/E5)
A6: ALT06_1 | B6: Dr Althea 345 Relief Cream Mist 100ml | C6: All Item Groups | D6: Nos | E6: 1 | F6: 7650 | G6: =IF(E6=0,0,F6/E6)
A7: AMER001_1 | B7: American Dream Cocoa Butter And Vitamin E Cream 500ml | C7: Products | D7: Nos | E7: 1 | F7: 3750 | G7: =IF(E7=0,0,F7/E7)
A8: ANU03_1 | B8: Anua Niacinamide 10% + TXA 4% Serum 30ml | C8: Products | D8: Nos | E8: 4 | F8: 22400 | G8: =IF(E8=0,0,F8/E8)
A9: ANU05_1 | B9: Anua Birch 70 Moisture Boosting Serum 30ml | C9: Products | D9: Nos | E9: 1 | F9: 5564.29 | G9: =IF(E9=0,0,F9/E9)
A10: ANU09_1 | B10: Anua Rice Enzyme Brightening Cleansing Powder 40g | C10: Products | D10: Nos | E10: 2 | F10: 12700 | G10: =IF(E10=0,0,F10/E10)
A11: ANU12_1 | B11: Anua Collagen Retinol Refining Gua Sha Cream 80ml | C11: Products | D11: Nos | E11: 3 | F11: 0 | G11: =IF(E11=0,0,F11/E11)
A12: ARE01_1 | B12: Arencia Retinal Booster Shot 30ml | C12: All Item Groups | D12: Nos | E12: 3 | F12: 16800 | G12: =IF(E12=0,0,F12/E12)
A13: ARE02_1 | B13: Arencia PDRN Booster Shot 30ml | C13: All Item Groups | D13: Nos | E13: 3 | F13: 16800 | G13: =IF(E13=0,0,F13/E13)
A14: ARE04_1 | B14: Arencia Vitamin C Booster Shot 30ml | C14: Products | D14: Nos | E14: 1 | F14: 0 | G14: =IF(E14=0,0,F14/E14)
A15: ARE05_1 | B15: Arencia NAD+ Booster Shot Revitalizing Serum 30ml | C15: All Item Groups | D15: Nos | E15: 4 | F15: 22400 | G15: =IF(E15=0,0,F15/E15)
A16: AV001_1 | B16: Aveeno Baby Daily Lotion 354ml | C16: Products | D16: Nos | E16: 1 | F16: 3800 | G16: =IF(E16=0,0,F16/E16)
... A367: VSB011_1 | B367: Vaseline Intensive Care Cocoa Radiant Body Oil 200ml | C367: All Item Groups | D367: Nos | E367: 6 | F367: 16250 | G367: =IF(E367=0,0,F367/E367)
A368: Total | E368: =SUM(E5:E367) | F368: =SUM(F5:F367) | G368: =IF(E368=0,0,F368/E368)

Sheet CAHMI
A1: CAHMI main warehouse stock
A2: Main Warehouse - Chami | Chami Trading Lanka (Pvt) Ltd | cosmetics-lk-02 | as of 8 October 2026 15:55 Asia/Colombo
A4: Item code | B4: Item name | C4: Item group | D4: UOM | E4: Qty | F4: Stock value (LKR) | G4: Valuation rate (LKR)
A5: ALT01_1 | B5: Dr.Althea Aqua Marine Watery Cream 50ml | C5: Products | D5: Nos | E5: 1 | F5: 5950 | G5: =IF(E5=0,0,F5/E5)
A6: ALT02_1 | B6: Dr. Althea 345 Relief Cream 50ml | C6: Products | D6: Nos | E6: 3 | F6: 20550 | G6: =IF(E6=0,0,F6/E6)
A7: ALT03_1 | B7: Dr. Althea Retinol Flat Iron Eye Roller 25ml | C7: Products | D7: Nos | E7: 2 | F7: 2 | G7: =IF(E7=0,0,F7/E7)
A8: AMER001_1 | B8: American Dream Cocoa Butter And Vitamin E Cream 500ml | C8: Products | D8: Nos | E8: 1 | F8: 3750 | G8: =IF(E8=0,0,F8/E8)
A9: ANU01_1 | B9: Anua Peach 77 Niacin Enriched Cream 50ml | C9: Products | D9: Nos | E9: 6 | F9: 37750.02 | G9: =IF(E9=0,0,F9/E9)
A10: ANU03_1 | B10: Anua Niacinamide 10% + TXA 4% Serum 30ml | C10: Products | D10: Nos | E10: 7 | F10: 38500 | G10: =IF(E10=0,0,F10/E10)
A11: ANU09_1 | B11: Anua Rice Enzyme Brightening Cleansing Powder 40g | C11: Products | D11: Nos | E11: 1 | F11: 6350 | G11: =IF(E11=0,0,F11/E11)
A12: ANU10_1 | B12: Anua 7 Rice Ceramide Hydrating Barrier Serum 50ml | C12: Products | D12: Nos | E12: 1 | F12: 6500 | G12: =IF(E12=0,0,F12/E12)
A13: ARE01_1 | B13: Arencia Retinal Booster Shot 30ml | C13: All Item Groups | D13: Nos | E13: 2 | F13: 11200 | G13: =IF(E13=0,0,F13/E13)
A14: ARE05_1 | B14: Arencia NAD+ Booster Shot Revitalizing Serum 30ml | C14: All Item Groups | D14: Nos | E14: 4 | F14: 22400 | G14: =IF(E14=0,0,F14/E14)
A15: AV004_1 | B15: Aveeno Baby Daily Wash and Shampoo 236ml | C15: Products | D15: Nos | E15: 1 | F15: 5750 | G15: =IF(E15=0,0,F15/E15)
A16: AVB01_2 | B16: Aveeno Baby Daily Moisture Wash and Shampoo 354ml | C16: Products | D16: Nos | E16: 1 | F16: 3800 | G16: =IF(E16=0,0,F16/E16)
... A287: VSB011_1 | B287: Vaseline Intensive Care Cocoa Radiant Body Oil 200ml | C287: All Item Groups | D287: Nos | E287: 1 | F287: 2750 | G287: =IF(E287=0,0,F287/E287)
A288: Total | E288: =SUM(E5:E287) | F288: =SUM(F5:F287) | G288: =IF(E288=0,0,F288/E288)

Sheet USP
A1: USP main warehouse stock
A2: Main Warehouse - USP | USP Trading (Pvt) Ltd | cosmetics-lk-02 | as of 8 October 2026 15:55 Asia/Colombo
A4: Item code | B4: Item name | C4: Item group | D4: UOM | E4: Qty | F4: Stock value (LKR) | G4: Valuation rate (LKR)
A5: ALT02_1 | B5: Dr. Althea 345 Relief Cream 50ml | C5: Products | D5: Nos | E5: 2 | F5: 13600 | G5: =IF(E5=0,0,F5/E5)
A6: ANU03_1 | B6: Anua Niacinamide 10% + TXA 4% Serum 30ml | C6: Products | D6: Nos | E6: 12 | F6: 67200 | G6: =IF(E6=0,0,F6/E6)
A7: ARE01_1 | B7: Arencia Retinal Booster Shot 30ml | C7: All Item Groups | D7: Nos | E7: 3 | F7: 16800 | G7: =IF(E7=0,0,F7/E7)
A8: AV001_1 | B8: Aveeno Baby Daily Lotion 354ml | C8: Products | D8: Nos | E8: 2 | F8: 7600 | G8: =IF(E8=0,0,F8/E8)
A9: AVB01_2 | B9: Aveeno Baby Daily Moisture Wash and Shampoo 354ml | C9: Products | D9: Nos | E9: 2 | F9: 7600 | G9: =IF(E9=0,0,F9/E9)
A10: AVB06_1 | B10: Aveeno Baby Daily Lotion 227ml | C10: All Item Groups | D10: Nos | E10: 1 | F10: 3500 | G10: =IF(E10=0,0,F10/E10)
A11: AVEE64_2 | B11: Aveeno Baby Daily Wash & Shampoo 532ml | C11: All Item Groups | D11: Nos | E11: 1 | F11: 3800 | G11: =IF(E11=0,0,F11/E11)
A12: AVEE67_1 | B12: Aveeno Baby Daily Wash & Shampoo with Coconut Scent & Shea Butter 354ml | C12: Products | D12: Nos | E12: 2 | F12: 7600 | G12: =IF(E12=0,0,F12/E12)
A13: BOJ06_1 | B13: Beauty of Joseon Relief Sun Rice Probiotics SPF50+ PA++++ 50ml | C13: All Item Groups | D13: Nos | E13: 2 | F13: 11600 | G13: =IF(E13=0,0,F13/E13)
A14: CAN02_1 | B14: Cantu Argan Oil Leave-In Conditioning Cream 453g | C14: Products | D14: Nos | E14: 3 | F14: 13500 | G14: =IF(E14=0,0,F14/E14)
A15: CAN03_1 | B15: Cantu Shea Butter Leave In Repair Cream 453g | C15: Products | D15: Nos | E15: 3 | F15: 13500 | G15: =IF(E15=0,0,F15/E15)
A16: CAN07_1 | B16: Cantu Coconut Curling Cream 340g | C16: Products | D16: Nos | E16: 3 | F16: 14550 | G16: =IF(E16=0,0,F16/E16)
... A134: VSB011_1 | B134: Vaseline Intensive Care Cocoa Radiant Body Oil 200ml | C134: All Item Groups | D134: Nos | E134: 2 | F134: 5500 | G134: =IF(E134=0,0,F134/E134)
A135: Total | E135: =SUM(E5:E134) | F135: =SUM(F5:F134) | G135: =IF(E135=0,0,F135/E135)

Sheet UDARA
A1: UDARA main warehouse stock
A2: Main Warehouse - Udara | Udara Trading Lanka (Pvt) Ltd | cosmetics-lk-02 | as of 8 October 2026 15:55 Asia/Colombo
A4: Item code | B4: Item name | C4: Item group | D4: UOM | E4: Qty | F4: Stock value (LKR) | G4: Valuation rate (LKR)
A5: ALT02_1 | B5: Dr. Althea 345 Relief Cream 50ml | C5: Products | D5: Nos | E5: 2 | F5: 13600 | G5: =IF(E5=0,0,F5/E5)
A6: ANU03_1 | B6: Anua Niacinamide 10% + TXA 4% Serum 30ml | C6: Products | D6: Nos | E6: 12 | F6: 67200 | G6: =IF(E6=0,0,F6/E6)
A7: ARE01_1 | B7: Arencia Retinal Booster Shot 30ml | C7: All Item Groups | D7: Nos | E7: 3 | F7: 16800 | G7: =IF(E7=0,0,F7/E7)
A8: AV001_1 | B8: Aveeno Baby Daily Lotion 354ml | C8: Products | D8: Nos | E8: 2 | F8: 7600 | G8: =IF(E8=0,0,F8/E8)
A9: AVB01_2 | B9: Aveeno Baby Daily Moisture Wash and Shampoo 354ml | C9: Products | D9: Nos | E9: 2 | F9: 7600 | G9: =IF(E9=0,0,F9/E9)
A10: AVB06_1 | B10: Aveeno Baby Daily Lotion 227ml | C10: All Item Groups | D10: Nos | E10: 1 | F10: 3500 | G10: =IF(E10=0,0,F10/E10)
A11: AVEE64_2 | B11: Aveeno Baby Daily Wash & Shampoo 532ml | C11: All Item Groups | D11: Nos | E11: 1 | F11: 3800 | G11: =IF(E11=0,0,F11/E11)
A12: AVEE67_1 | B12: Aveeno Baby Daily Wash & Shampoo with Coconut Scent & Shea Butter 354ml | C12: Products | D12: Nos | E12: 2 | F12: 7600 | G12: =IF(E12=0,0,F12/E12)
A13: BOJ06_1 | B13: Beauty of Joseon Relief Sun Rice Probiotics SPF50+ PA++++ 50ml | C13: All Item Groups | D13: Nos | E13: 1 | F13: 5800 | G13: =IF(E13=0,0,F13/E13)
A14: CAN02_1 | B14: Cantu Argan Oil Leave-In Conditioning Cream 453g | C14: Products | D14: Nos | E14: 3 | F14: 9000 | G14: =IF(E14=0,0,F14/E14)
A15: CAN03_1 | B15: Cantu Shea Butter Leave In Repair Cream 453g | C15: Products | D15: Nos | E15: 3 | F15: 4500 | G15: =IF(E15=0,0,F15/E15)
A16: CAN07_1 | B16: Cantu Coconut Curling Cream 340g | C16: Products | D16: Nos | E16: 3 | F16: 9700 | G16: =IF(E16=0,0,F16/E16)
... A133: VSB011_1 | B133: Vaseline Intensive Care Cocoa Radiant Body Oil 200ml | C133: All Item Groups | D133: Nos | E133: 2 | F133: 5500 | G133: =IF(E133=0,0,F133/E133)
A134: Total | E134: =SUM(E5:E133) | F134: =SUM(F5:F133) | G134: =IF(E134=0,0,F134/E134)

Sheet KAD
A1: KAD main warehouse stock
A2: Main Warehouse - KAD | KAD Trading (Pvt) Ltd | cosmetics-lk-02 | as of 8 October 2026 15:55 Asia/Colombo
A4: Item code | B4: Item name | C4: Item group | D4: UOM | E4: Qty | F4: Stock value (LKR) | G4: Valuation rate (LKR)
A5: ALT02_1 | B5: Dr. Althea 345 Relief Cream 50ml | C5: Products | D5: Nos | E5: 2 | F5: 13600 | G5: =IF(E5=0,0,F5/E5)
A6: ANU03_1 | B6: Anua Niacinamide 10% + TXA 4% Serum 30ml | C6: Products | D6: Nos | E6: 13 | F6: 72800 | G6: =IF(E6=0,0,F6/E6)
A7: ARE01_1 | B7: Arencia Retinal Booster Shot 30ml | C7: All Item Groups | D7: Nos | E7: 3 | F7: 16800 | G7: =IF(E7=0,0,F7/E7)
A8: ARE02_1 | B8: Arencia PDRN Booster Shot 30ml | C8: All Item Groups | D8: Nos | E8: 3 | F8: 16800 | G8: =IF(E8=0,0,F8/E8)
A9: AV001_1 | B9: Aveeno Baby Daily Lotion 354ml | C9: Products | D9: Nos | E9: 2 | F9: 7600 | G9: =IF(E9=0,0,F9/E9)
A10: AVB01_2 | B10: Aveeno Baby Daily Moisture Wash and Shampoo 354ml | C10: Products | D10: Nos | E10: 2 | F10: 7600 | G10: =IF(E10=0,0,F10/E10)
A11: AVB06_1 | B11: Aveeno Baby Daily Lotion 227ml | C11: All Item Groups | D11: Nos | E11: 1 | F11: 3500 | G11: =IF(E11=0,0,F11/E11)
A12: AVEE63_2 | B12: Aveeno Baby Daily Lotion 532ml | C12: All Item Groups | D12: Nos | E12: 1 | F12: 3800 | G12: =IF(E12=0,0,F12/E12)
A13: AVEE64_2 | B13: Aveeno Baby Daily Wash & Shampoo 532ml | C13: All Item Groups | D13: Nos | E13: 2 | F13: 7600 | G13: =IF(E13=0,0,F13/E13)
A14: AVEE67_1 | B14: Aveeno Baby Daily Wash & Shampoo with Coconut Scent & Shea Butter 354ml | C14: Products | D14: Nos | E14: 2 | F14: 7600 | G14: =IF(E14=0,0,F14/E14)
A15: BOJ04_1 | B15: Beauty of Joseon Relief Sun Aqua-Fresh Rice + B5 SPF50+ PA++++ 50ml | C15: Products | D15: Nos | E15: 2 | F15: 11600 | G15: =IF(E15=0,0,F15/E15)
A16: BOJ06_1 | B16: Beauty of Joseon Relief Sun Rice Probiotics SPF50+ PA++++ 50ml | C16: All Item Groups | D16: Nos | E16: 2 | F16: 11600 | G16: =IF(E16=0,0,F16/E16)
... A166: VSB011_1 | B166: Vaseline Intensive Care Cocoa Radiant Body Oil 200ml | C166: All Item Groups | D166: Nos | E166: 2 | F166: 5500 | G166: =IF(E166=0,0,F166/E166)
A167: Total | E167: =SUM(E5:E166) | F167: =SUM(F5:F166) | G167: =IF(E167=0,0,F167/E167)

Sheet After 1555
A1: Ledger entries after 15:55 removed from end-of-day qty
A2: Stock Ledger Entry on 2026-10-08 with posting_time later than 15:55:00. Not cancelled.
A4: Warehouse | B4: Item code | C4: Posting time | D4: Qty change | E4: Value change (LKR) | F4: SLE name
A5: Main Warehouse - Chami | B5: CE96_1 | C5: 17:27:49.372376 | D5: 1 | E5: 0 | F5: MAT-SLE-2026-72887
A6: Main Warehouse - Chami | B6: LAR07_1 | C6: 17:27:49.372376 | D6: 10 | E6: 0 | F6: MAT-SLE-2026-72888
A7: Main Warehouse - Chami | B7: LAR18_2 | C7: 17:27:49.372376 | D7: 1 | E7: 0 | F7: MAT-SLE-2026-72889
A8: Main Warehouse - Chami | B8: CE96_1 | C8: 17:43:37.215623 | D8: -1 | E8: 0 | F8: MAT-SLE-2026-72915
A9: Main Warehouse - Chami | B9: CE67_1 | C9: 17:43:37.215623 | D9: -1 | E9: -1500 | F9: MAT-SLE-2026-72916
A10: Main Warehouse - Chami | B10: LAR07_1 | C10: 17:43:37.215623 | D10: -1 | E10: 0 | F10: MAT-SLE-2026-72917
A11: Main Warehouse - Chami | B11: LAR18_2 | C11: 17:43:37.215623 | D11: -1 | E11: 0 | F11: MAT-SLE-2026-72918
A12: Main Warehouse - Chami | B12: LAR22_1 | C12: 17:48:33.089562 | D12: 1 | E12: 8150 | F12: MAT-SLE-2026-72919
A13: Main Warehouse - Chami | B13: LAR23_1 | C13: 17:48:33.089562 | D13: 1 | E13: 8000 | F13: MAT-SLE-2026-72920
A14: Main Warehouse - Chami | B14: CAN17_1 | C14: 20:08:56.192958 | D14: 1 | E14: 0 | F14: MAT-SLE-2026-72962
A15: Main Warehouse - Chami | B15: CE93_1 | C15: 20:08:56.192958 | D15: 1 | E15: 0 | F15: MAT-SLE-2026-72963
A16: Main Warehouse - Chami | B16: CE96_1 | C16: 20:08:56.192958 | D16: 2 | E16: 0 | F16: MAT-SLE-2026-72964
... A127: Main Warehouses - Pevi | B127: OGX26_1 | C127: 20:32:49.653699 | D127: 4 | E127: 0 | F127: MAT-SLE-2026-73096
A128: Total | D128: =SUM(D5:D127) | E128: =SUM(E5:E127)
